200 DATA POUR CLONAGE INDICATEUR BELKHAYATE ENERGIE EN LANGAGE PYTHON SUR WINDSURF,,,,,,,,,,,
BARRE,DATE,HEURE UTC+2,OPEN,HIGH,LOW,CLOSE,VOLUME Up/Down,ENERGIE,Gravity Center Open Source Raqiq,BGC Ninjatrader Calcule a la fermeture de la barre,BGC Ninjatrader Calcule a chaque tick
1,12/08/2025,20H30,117.11,117.13,117.11,117.11,2390 U,-527.05,117.24,116.97477,116.97477
2,12/08/2025,20H45,117.12,117.13,117.10,117.12,4660 U,-456.28,117.24,116.99596,116.99596
3,12/08/2025,21H00,117.13,117.15,117.11,117.15,6850 U,60.21,117.24,117.01668,117.01668
4,12/08/2025,21H15,117.14,117.15,117.13,117.14,1940 U,52.18,117.23,117.03414,117.03414
5,12/08/2025,21H30,117.13,117.15,117.12,117.14,2770 U,168.19,117.23,117.05376,117.05376
6,12/08/2025,21H45,117.14,117.17,117.14,117.15,12550 U,704.02,117.23,117.07421,117.07421
7,12/08/2025,22H00,117.15,117.19,117.15,117.19,6460 U,1470.27,117.23,117.09375,117.09375
8,12/08/2025,22H15,117.18,117.19,117.17,117.17,1470 D,1176.26,117.23,117.10790,117.10790
9,12/08/2025,22H30,117.17,117.18,117.15,117.16,1180 D,936.17,117.23,117.12520,117.12520
10,12/08/2025,22H45,117.16,117.18,117.15,117.16,2460 U,811.21,117.23,117.14399,117.14399
11,13/08/2025,00H00,117.15,117.16,117.11,117.14,328 D,694.22,117.22,117.16362,117.16362
12,13/08/2025,00H15,117.14,117.14,117.14,117.14,31 U,00.00,117.22,117.18650,117.18650
13,13/08/2025,00H30,117.15,117.15,117.15,117.15,160 U,00.00,117.22,117.20995,117.20995
14,13/08/2025,00H45,117.16,117.16,117.15,117.16,85 U,602.02,117.22,117.23160,117.23160
15,13/08/2025,1H00,117.15,117.15,117.13,117.14,177 D,509.31,117.22,117.25247,117.25247
16,13/08/2025,1H15,117.13,117.14,117.12,117.12,169 D,430.23,117.22,117.27635,117.27635
17,13/08/2025,1H30,117.12,117.13,117.11,117.12,249 U,373.09,117.21,117.30367,117.30367
18,13/08/2025,1H45,117.11,117.12,117.11,117.12,682 U,414.14,117.21,117.33138,117.33138
19,13/08/2025,2H00,117.12,117.14,117.11,117.12,534 U,359.06,117.21,117.35984,117.15984
20,13/08/2025,2H15,117.12,117.13,117.09,117.10,437 D,282.05,117.21,117.38942,117.38942
21,13/08/2025,2H30,117.11,177.12,117.10,117.10,816 D,190.05,117.21,117.42252,117.42252
22,13/08/2025,2H45,117.10,117.11,117.10,117.11,458 U,225.27,117.20,117.45645,117.45645
23,13/08/2025,3H00,117.12,117.14,117.11,117.14,619 U,250.24,117.20,117.48951,117.48951
24,13/08/2025,3H15,117.15,117.17,117.13,117.16,1170 U,256.06,117.20,117.51961,117.51961
25,13/08/2025,3H30,117.16,117.18,117.16,117.16,1160 U,222.01,117.20,117.54769,117.54769
26,13/08/2025,3H45,117.17,117.19,117.16,117.18,469 U,213.09,117.20,117.57648,117.60323
27,13/08/2025,4H00,117.18,117.18,117.15,117.15,346 D,138.23,117.20,117.60323,117.63479
28,13/08/2025,4H15,117.16,117.17,117.16,117.17,278 U,157.09,117.19,117.63479,117.66435
29,13/08/2025,4H30,117.18,117.19,117.18,117.19,451 U,196.14,117.19,117.66435,117.69153
30,13/08/2025,4H45,117.18,117.21,117.18,117.20,878 U,248.09,117.19,117.69153,117.71834
31,13/08/2025,5H00,117.21,117.21,117.19,117.20,356 D,191.15,117.19,117.71834,117.74547
32,13/08/2025,5H15,117.20,117.21,117.20,117.20,94 U,165.30,117.19,117.74547,117.77261
33,13/08/2025,5H30,117.20,117.22,117.20,117.21,327 U,165.19,117.19,117.77261,117.79907
34,13/08/2025,5H45,117.22,117.23,117.20,117.20,641 D,86.17,117.19,117.79907,117.62793
35,13/08/2025,6H00,117.20,117.21,117.19,117.20,289 U,75.00,117.19,117.82793,117.85816
36,13/08/2025,6H15,117.20,117.20,117.19,117.19,303 D,24.19,117.19,117.85816,117.89078
37,13/08/2025,6H30,117.19,117.20,117.18,117.18,331 D,-0.24,117.19,117.89078,117.92549
38,13/08/2025,6H45,117.19,117.20,117.18,117.20,337 U,21.26,117.19,117.92549,117.95852
39,13/08/2025,7H00,117.20,117.23,117.20,117.22,488 U,62.09,117.19,117.95852,117.98913
40,13/08/2025,7H15,117.22,117.23,117.22,117.23,381 U,104.25,117.19,117.98913,118.02001
41,13/08/2025,7H30,117.23,117.23,117.21,117.21,408 D,36.13,117.19,118.02001,118.05423
42,13/08/2025,7H45,117.22,117.23,117.21,117.23,521 U,66.09,117.19,118.05423,118.08601
43,13/08/2025,8H00,117.24,117.27,117.23,117.24,1130 U,57.15,117.19,118.08601,118.11702
44,13/08/2025,8H15,117.25,117.26,117.24,117.24,609 D,09.06,117.19,118.11702,118.14895
45,13/08/2025,8H30,117.25,117.27,117.23,117.27,474 U,39.18,117.19,118.14895,118.17700
46,13/08/2025,8H45,117.26,117.27,117.26,117.26,942 U,34.09,117.19,118.17700,118.20727
47,13/08/2025,9H00,117.27,118.02,117.26,118.02,2240 U,291.05,117.19,118.20727,118.22638
48,13/08/2025,9H15,118.02,118.03,117.31,117.31,2460 D,5.30,117.19,118.22638,118.24964
49,13/08/2025,9H30,118.00,118.02,118.00,118.01,1490 U,104.16,117.19,118.24964,118.27126
50,13/08/2025,9H45,118.01,118.04,118.01,118.03,1550 U,228.19,117.19,118.27126,118.29147
51,13/08/2025,10H00,118.04,118.04,118.02,118.03,1320 D,110.10,117.19,118.29147,118.31130
52,13/08/2025,10H15,118.04,118.07,118.03,118.06,1540 U,198.02,117.20,118.31130,118.32695
53,13/08/2025,10H30,118.07,118.08,118.05,118.07,1490 U,171.21,117.20,118.32695,118.34212
54,13/08/2025,10H45,118.07,118.08,118.05,118.05,1480 D,17.19,117.20,118.34212,118.36024
55,13/08/2025,11H00,118.05,118.06,118.05,118.06,844 U,127.25,117.20,118.36024,118.37787
56,13/08/2025,11H15,118.06,118.08,118.06,118.07,1090 U,183.13,117.20,118.37787,118.39431
57,13/08/2025,11H30,118.07,118.08,118.05,118.07,1400 U,158.30,117.20,118.39431,118.41058
58,13/08/2025,11H45,118.07,118.10,118.07,118.10,1230 U,302.05,117.20,118.41058,118.42189
59,13/08/2025,12H00,118.10,118.10,118.08,118.09,1500 D,162.06,117.21,118.42189,118.43471
60,13/08/2025,12H15,118.10,118.11,118.09,118.09,1140 D,64.10,117.21,118.43471,118.44703
61,13/08/2025,12H30,118.10,118.10,118.07,118.08,1280 D,-57.25,117.21,118.44703,118.46125
62,13/08/2025,12H45,118.08,118.08,118.06,118.07,1410 D,-144.11,117.21,118.46125,118.47574
63,13/08/2025,13H00,118.07,118.07,118.04,118.07,2050 U,-125.03,117.21,118.47574,118.48951
64,13/08/2025,13H15,118.06,118.07,118.03,118.04,3230 D,-323.20,117.21,118.48951,118.50743
65,13/08/2025,13H30,118.04,118.05,118.02,118.03,2310 D,-383.06,117.21,118.50743,118.52649
66,13/08/2025,13H45,118.03,118.06,118.02,118.03,6390 U,-332.03,117.21,118.52649,118.54637
67,13/08/2025,14H00,118.03,118.04,118.01,118.03,3490 U,-287.26,117.21,118.54637,118.56737
68,13/08/2025,14H15,118.03,118.05,118.00,118.03,4620 U,-249.14,117.21,118.56737,118.58915
69,13/08/2025,14H30,118.03,118.05,118.01,118.03,5130 U,-216.06,117.21,118.58915,118.61102
70,13/08/2025,14H45,118.02,118.05,118.01,118.03,4400 U,-40.26,117.21,118.61102,118.63332
71,13/08/2025,15H00,118.04,118.06,118.03,118.06,8100 U,684.31,117.21,118.63332,118.65159
72,13/08/2025,15H15,118.06,118.09,118.04,118.06,5740 U,593.21,117.22,118.65159,118.67022
73,13/08/2025,15H30,118.06,118.09,118.05,118.07,5130 U,685.14,117.22,118.67022,118.68817
74,13/08/2025,15H45,118.08,118.15,118.06,118.15,8470 U,1472.30,117.22,118.68817,118.69439
75,13/08/2025,16H00,118.15,118.17,118.11,118.13,1031 D,818.04,117.22,118.69439,118.70218
76,13/08/2025,16H15,118.13,118.17,118.13,118.15,6930 U,1171.00,117.22,118.70218,118.70810
77,13/08/2025,16H30,118.15,118.17,118.13,118.17,4570 U,1319.17,117.23,118.70810,118.71174
78,13/08/2025,16H45,118.16,118.19,118.16,118.17,8880 U,1538.01,117.23,118.71174,118.71512
79,13/08/2025,17H00,118.18,118.22,118.16,118.20,6600 U,1626.09,117.23,118.71512,118.71343
80,13/08/2025,17H15,118.19,118.21,118.17,118.19,4340 U,1409.14,117.23,118.71343,118.71283
81,13/08/2025,17H30,118.18,118.19,118.16,118.18,3520 U,1221.17,117.24,118.71283,118.71366
82,13/08/2025,17H45,118.18,118.19,118.17,118.18,3820 U,1058.21,117.24,118.71366,118.71490
83,13/08/2025,18H00,118.17,118.19,118.17,118.18,2950 U,1114.18,117.24,118.71490,118.71587
84,13/08/2025,18H15,118.18,118.21,118.18,118.20,2970 U,1229.24,117.25,118.71587,118.71348
85,13/08/2025,18H30,118.20,118.20,118.19,118.20,2550 U,1065.25,117.25,118.71348,118.71144
86,13/08/2025,18H45,118.20,118.20,118.18,118.19,1170 D,845.13,117.25,118.71144,118.71145
87,13/08/2025,19H00,118.19,118.20,118.18,118.19,1310 U,732.22,117.25,118.71145,118.71145
88,13/08/2025,19H15,118.18,118.21,118.18,118.20,4590 U,1042.24,117.26,118.71145,118.10906
89,13/08/2025,19H30,118.20,118.20,118.16,118.17,5190 D,384.23,117.26,118.70906,118.71114
90,13/08/2025,19H45,118.17,118.18,118.16,118.16,2130 D,191.17,117.26,118.71114,118.71497
91,13/08/2025,20H00,118.17,118.17,118.14,118.16,2870 D,38.16,117.26,118.71497,118.71887
92,13/08/2025,20H15,118.16,118.17,118.14,118.17,4900 U,251.09,117.27,118.71887,118.72010
93,13/08/2025,20H30,118.17,118.18,118.15,118.16,2550 D,104.18,117.27,118.72010,118.72179
94,13/08/2025,20H45,118.15,118.17,118.15,118.15,6270 U,90.20,117.27,118.72179,118.72499
95,13/08/2025,21H00,118.16,118.16,118.13,118.16,3100 U,78.17,117.28,118.72499,118.72695
96,13/08/2025,21H15,118.16,118.16,118.14,118.15,3850 D,-188.30,117.28,118.72695,118.73039
97,13/08/2025,21H30,118.16,118.16,118.14,118.15,1370 D,-255.00,117.28,118.73039,118.73363
98,13/08/2025,21H45,118.15,118.17,118.14,118.15,5600 U,-221.00,117.28,118.73363,118.73700
99,13/08/2025,22H00,118.15,118.16,118.15,118.15,2250 U,-191.17,117.28,118.73700,118.74082
100,13/08/2025,22H15,118.15,118.16,118.14,118.15,2000 U,-166.00,117.29,118.74082,118.74506
101,13/08/2025,22H30,118.15,118.16,118.14,118.14,2190 D,-289.30,117.29,118.74506,118.75042
102,13/08/2025,22H45,118.14,118.16,118.14,118.16,2370 U,64.06,117.29,118.75042,118.75312
103,14/08/2025,00H00,118.15,118.17,118.14,118.17,328 U,84.25,117.30,118.75312,118.75481
104,14/08/2025,00H15,118.16,118.16,118.15,118.16,47 U,73.15,117.30,118.75481,118.75786
105,14/08/2025,00H30,118.15,118.16,118.15,118.16,14 U,65.18,117.30,118.75786,118.76223
106,14/08/2025,00H45,118.16,118.16,118.15,118.15,77 D,46.17,117.30,118.76223,118.76825
107,14/08/2025,01H00,118.15,118.15,118.14,118.15,309 U,40.11,117.31,118.76825,118.77420
108,14/08/2025,01H15,118.15,118.15,118.14,118.15,188 U,34.31,117.31,118.77420,118.77975
109,14/08/2025,01H30,118.14,118.15,118.14,118.14,66 U,30.10,117.31,118.76532,118.77051
110,14/08/2025,01H45,118.15,118.15,118.15,118.15,86 U,00.00,117.31,118.75639,118.76122
111,14/08/2025,02H00,118.15,118.15,118.12,118.13,795 D,-44.13,117.31,118.74742,118.75188
112,14/08/2025,02H15,118.13,118.17,118.13,118.17,544 U,34.02,118.00,118.73840,118.74251
113,14/08/2025,02H30,118.17,118.19,118.17,118.17,1270 U,29.16,118.00,118.72933,118.73309
114,14/08/2025,02H45,118.16,118.17,118.16,118.16,362 U,25.18,118.00,118.72021,118.72363
115,14/08/2025,03H00,118.17,118.19,118.16,118.19,293 U,48.07,118.01,118.71105,118.71413
116,14/08/2025,03H15,118.19,118.21,118.19,118.20,822 U,96.19,118.01,118.70185,118.70459
117,14/08/2025,03H30,118.19,118.19,118.17,118.18,483 D,51.16,118.01,118.69260,118.69501
118,14/08/2025,03H45,118.19,118.21,118.19,118.19,602 U,44.20,118.02,118.68331,118.68539
119,14/08/2025,04H00,118.19,118.21,118.19,118.20,487 U,71.05,118.02,118.67398,118.67573
120,14/08/2025,04H15,118.20,118.21,118.17,118.17,642 D,-2.17,118.02,118.66461,118.66604
121,14/08/2025,04H30,118.17,118.18,118.16,118.17,395 U,-2.06,118.03,118.65519,118.65631
122,14/08/2025,04H45,118.18,118.18,118.16,118.17,433 D,-30.25,118.03,118.64574,118.64654
123,14/08/2025,05H00,118.18,118.18,118.17,118.18,213 U,-26.21,118.03,118.63624,118.63673
124,14/08/2025,05H15,118.18,118.18,118.16,118.18,333 U,-23.04,118.04,118.62670,118.62689
125,14/08/2025,05H30,118.18,118.18,118.14,118.16,1202 D,-88.10,118.04,118.61713,118.61702
126,14/08/2025,05H45,118.16,118.17,118.15,118.15,429 D,-105.04,118.04,118.60751,118.60711
127,14/08/2025,06H00,118.15,118.16,118.14,118.14,383 D,-116.21,118.05,118.59786,118.59716
128,14/08/2025,06H15,118.15,118.16,118.14,118.14,147 D,-110.28,118.05,118.58817,118.58719
129,14/08/2025,06H30,118.14,118.15,118.13,118.14,542 U,-96.03,118.05,118.57845,118.57718
130,14/08/2025,06H45,118.14,118.15,118.13,118.13,183 D,-96.16,118.06,118.56869,118.56714
131,14/08/2025,07H00,118.13,118.15,118.13,118.13,174 U,-82.24,118.06,118.55889,118.55706
132,14/08/2025,07H15,118.13,118.14,118.12,118.14,651 U,-28.10,118.06,118.54906,118.54696
133,14/08/2025,07H30,118.14,118.14,118.13,118.14,177 U,-24.18,118.06,118.53919,118.53683
134,14/08/2025,07H45,118.13,118.14,118.12,118.13,840 U,-21.09,118.07,118.52929,118.52666
135,14/08/2025,08H00,118.13,118.16,118.12,118.15,499 U,14.27,118.07,118.51936,118.51647
136,14/08/2025,08H15,118.15,118.16,118.13,118.14,553 D,-11.23,118.07,118.50940,118.50625
137,14/08/2025,08H30,118.14,118.17,118.13,118.17,807 U,70.17,118.07,118.49940,118.49600
138,14/08/2025,08H45,118.17,118.25,118.16,118.24,1580 U,225.03,118.08,118.48937,118.48572
139,14/08/2025,09H00,118.25,118.27,118.24,118.27,2080 U,380.10,118.08,118.47931,118.47542
140,14/08/2025,09H15,118.27,118.28,118.25,118.27,1860 U,329.20,118.09,118.46922,118.46509
141,14/08/2025,09H30,118.27,118.28,118.25,118.28,1020 U,331.01,118.09,118.45910,118.45473
142,14/08/2025,09H45,118.28,118.28,118.27,118.27,1070 D,144.25,118.10,118.44896,118.44435
143,14/08/2025,10H00,118.28,118.30,118.27,118.29,1490 U,191.25,118.10,118.43878,118.43395
144,14/08/2025,10H15,118.29,119.00,118.28,119.00,1090 U,274.29,118.10,118.42858,118.42352
145,14/08/2025,10H30,119.00,119.00,118.29,118.30,2440 D,21.26,118.11,118.41835,118.41307
146,14/08/2025,10H45,118.30,119.00,118.30,119.00,878 U,135.31,118.11,118.40809,118.40259
147,14/08/2025,11H00,119.00,119.04,118.31,119.01,2620 U,187.25,118.12,118.39781,118.39209
148,14/08/2025,11H15,119.01,119.02,119.01,119.02,1600 U,376.20,118.12,118.38750,118.38157
149,14/08/2025,11H30,119.01,119.01,118.31,119.00,714 D,278.26,118.13,118.37717,118.37103
150,14/08/2025,11H45,119.00,119.00,118.29,118.29,609 D,160.14,118.13,118.36681,118.36047
151,14/08/2025,12H00,118.29,118.30,118.27,118.29,1730 U,139.01,118.14,118.35643,118.34989
152,14/08/2025,12H15,118.29,118.29,118.28,118.29,609 U,120.16,118.14,118.34603,118.33929
153,14/08/2025,12H30,118.29,118.31,118.29,118.29,1440 U,104.14,118.15,118.33560,118.32867
154,14/08/2025,12H45,118.29,118.31,118.29,118.31,745 U,189.27,118.15,118.32516,118.31803
155,14/08/2025,13H00,118.31,119.01,118.31,119.01,1110 U,313.06,118.16,118.31469,118.30738
156,14/08/2025,13H15,119.01,119.01,118.31,119.01,1580 U,271.4,118.16,118.30420,118.29670
157,14/08/2025,13H30,119.01,119.01,118.29,119.00,1720 D,177.27,118.17,118.29369,118.28602
158,14/08/2025,13H45,119.00,119.02,118.31,119.02,2120 U,342.30,118.17,118.28316,118.27531
159,14/08/2025,14H00,119.01,119.02,118.31,119.01,5140 U,297.07,118.18,118.27261,118.26459
160,14/08/2025,14H15,119.00,119.04,119.00,119.01,8720 U,548.06,118.18,118.26205,118.25386
161,14/08/2025,14H30,119.00,119.00,118.10,118.21,26530 D,-1293.21,118.19,118.25146,118.24311
162,14/08/2025,14H45,118.20,118.28,118.15,118.15,11.01 D,-1685.31,118.19,118.24086,118.23234
163,14/08/2025,15H00,118.15,118.18,118.12,118.15,9890 U,-1461.06,118.19,118.23025,118.22156
164,14/08/2025,15H15,118.15,118.15,118.07,118.08,8470 D,-2254.06,118.19,118.21962,118.21078
165,14/08/2025,15H30,118.08,118.08,118.04,118.05,7540 D,-2707.17,118.19,118.20897,118.19998
166,14/08/2025,15H45,118.05,118.06,118.03,118.05,5600 U,-2346.16,118.19,118.19831,118.18916
167,14/08/2025,16H00,118.06,118.07,118.03,118.05,5810 D,-2227.09,118.19,118.18763,118.17834
168,14/08/2025,16H15,118.05,118.06,118.02,118.04,5460 D,-2112.05,118.19,118.17694,118.16751
169,14/08/2025,16H30,118.04,118.05,118.02,118.03,5330 D,-2067.10,118.19,118.16624,118.15667
170,14/08/2025,16H45,118.03,118.05,118.02,118.03,3500 U,-1791.22,118.19,118.15552,118.14582
171,14/08/2025,17H00,118.03,118.03,117.25,117.26,9000 D,-2632.29,118.19,118.14480,118.13496
172,14/08/2025,17H15,117.26,117.29,117.24,117.24,7070 D,-2658.29,118.19,118.13406,118.12409
173,14/08/2025,17H30,117.24,117.26,117.19,117.19,6670 D,-2939.30,118.19,118.12331,118.11321
174,14/08/2025,17H45,117.19,117.21,117.15,117.16,11980 D,-3346.23,118.18,118.11255,118.10233
175,14/08/2025,18H00,117.16,117.16,117.14,117.16,4570 U,-2900.16,118.18,118.10179,118.09144
176,14/08/2025,18H15,117.15,117.17,117.15,117.15,5240 U,-2513.25,118.18,118.09101,118.08055
177,14/08/2025,18H30,117.15,117.17,117.14,117.16,5850 U,-1918.15,118.17,118.08023,118.06965
178,14/08/2025,18H45,117.16,117.17,117.15,117.16,3170 U,-1662.21,118.17,118.06944,118.05875
179,14/08/2025,19H00,117.16,117.20,117.16,117.20,3240 U,-1008.23,118.17,118.05864,118.04784
180,14/08/2025,19H15,117.20,117.21,117.19,117.20,3290 U,-874.07,118.17,118.04783,118.03693
181,14/08/2025,19H30,117.20,117.20,117.16,117.17,3640 D,-1121.31,118.16,118.03702,118.02602
182,14/08/2025,19H45,117.17,117.19,117.17,117.18,4110 U,-698.20,118.16,118.02621,118.01510
183,14/08/2025,20H00,117.18,117.18,117.15,117.16,4660 D,-1019.14,118.16,118.01539,118.00418
184,14/08/2025,20H15,117.16,117.16,117.14,117.14,1770 D,-1119.29,118.15,118.00456,117.99327
185,14/08/2025,20H30,117.14,117.16,117.13,117.14,4820 U,-970.19,118.15,117.99374,117.98235
186,14/08/2025,20H45,117.14,117.14,117.12,117.13,7350 D,-1331.04,118.15,117.98291,117.97143
187,14/08/2025,21H00,117.14,117.17,117.13,117.15,4800 U,-993.22,118.14,117.97207,117.96051
188,14/08/2025,21H15,117.15,117.18,117.15,117.17,4710 U,-442.31,118.14,117.96124,117.94960
189,14/08/2025,21H30,117.16,117.18,117.16,117.17,1640 U,-274.25,118.14,117.95041,117.93868
190,14/08/2025,21H45,117.18,117.19,117.17,117.19,8170 U,306.19,118.14,117.93957,117.92777
191,14/08/2025,22H00,117.18,117.21,117.18,117.18,6170 U,265.23,118.13,117.92874,117.91686
192,14/08/2025,22H15,117.19,117.19,117.18,117.18,3180 D,-194.08,118.13,117.91790,117.90595
193,14/08/2025,22H30,117.18,117.19,117.17,117.18,3150 U,-168.11,118.13,117.90707,117.89505
194,14/08/2025,22H45,117.19,117.21,117.19,117.20,4350 U,114.12,118.13,117.89624,117.88416
195,15/08/2025,00H00,117.20,117.20,117.15,117.17,425 D,91.04,118.13,117.88541,117.87327
196,15/08/2025,00H15,117.17,117.18,117.17,117.18,66 U,87.24,118.12,117.87459,117.86238
197,15/08/2025,00H30,117.19,117.20,117.18,117.18,111 D,68.21,118.12,117.86377,117.85150
198,15/08/2025,00H45,117.18,117.19,117.18,117.18,67 U,59.16,118.12,117.85295,117.84063
199,15/08/2025,01H00,117.18,117.19,117.17,117.18,180 U,51.18,118.12,117.84214,117.82977
200,15/08/2025,01H15,117.19,117.19,117.18,117.18,97 D,31.24,118.11,117.83133,117.81891